date,destination,purpose,totalCad
2026-01-01,,Conference,not_available
2026-02-08,Vancouver,Conference,2204.23
2026-03-15,Montreal,Workshop,1419.52
2026-04-22,Toronto,Conference,793.4
2026-05-02,Toronto,Workshop,732.42
2026-06-09,Halifax,Training,1503.56
2026-07-16,Ottawa,Conference,2457.13
2026-08-23,Vancouver,Research,1167.97
2026-01-03,Vancouver,Training,3068.22
2026-02-10,Quebec City,Conference,405.66
2026-03-17,Montreal,Meeting,2730.28
2026-04-24,Ottawa,Conference,2367.57
2026-05-04,Montreal,Research,362.7
2026-06-11,Ottawa,Workshop,2847.19
2026-07-18,Quebec City,Workshop,712.25
2026-08-25,Montreal,Conference,2156.69
2026-01-05,Ottawa,Conference,2754.38
2026-02-12,Montreal,Research,976.16
2026-03-19,Quebec City,Training,1260.16
2026-04-26,Calgary,Meeting,2281.61
2026-05-06,Montreal,Workshop,2075.73
2026-06-13,Calgary,Training,1543.76
2026-07-20,Ottawa,Workshop,796.41
2026-08-27,,Conference,825.47
2026-01-07,Toronto,Meeting,1355.59
2026-02-14,Montreal,Training,2932.46
2026-03-21,Quebec City,Training,2138.75
2026-04-01,Halifax,Research,560.04
2026-05-08,Vancouver,Training,2414.57
2026-06-15,Ottawa,Workshop,1439.58
2026-07-22,Halifax,Meeting,795.51
2026-08-02,Vancouver,Workshop,-304.76
2026-01-09,Montreal,Training,2052.53
2026-02-16,Halifax,Workshop,315.67
2026-03-23,Halifax,Workshop,3188.05
2026-04-03,Ottawa,Workshop,2771.2
2026-05-10,Toronto,Conference,2219.67
2026-06-17,Ottawa,Meeting,463.58
2026-07-24,Halifax,Training,1517.47
2026-08-04,Ottawa,Workshop,2466.84
2026-01-11,Montreal,Meeting,2712.34
2026-02-18,Calgary,Training,1271.65
2026-03-25,Vancouver,Workshop,3056.78
2026-04-05,Toronto,Workshop,1118.4
2026-05-12,Toronto,Conference,2981.62
2026-06-19,Ottawa,Training,298.41
2026-07-26,,Conference,2374.28
2026-08-06,Montreal,Workshop,not_available
2026-01-13,Vancouver,Research,3036.29
2026-02-20,Vancouver,Meeting,1745.24
2026-03-27,Halifax,Training,2981.05
2026-04-07,Calgary,Meeting,1348.9
2026-05-14,Quebec City,Research,2890.81
2026-06-21,Winnipeg,Conference,883.55
2026-07-01,Montreal,Meeting,184.79
2026-08-08,Calgary,Workshop,798.27
2026-01-15,Montreal,Conference,825.14
2026-02-22,Toronto,Meeting,338.24
2026-03-02,Calgary,Meeting,2180.45
2026-04-09,Calgary,Workshop,527.52
2026-05-16,Winnipeg,Training,2536.63
2026-06-23,Halifax,Training,410.52
2026-07-03,Halifax,Meeting,-192.14
2026-08-10,Toronto,Conference,306.69
2026-01-17,Quebec City,Conference,885.86
2026-02-24,Calgary,Workshop,1501.73
2026-03-04,Halifax,Training,977.92
2026-04-11,Calgary,Conference,1484.84
2026-05-18,Montreal,Conference,2128.61
2026-06-25,,Conference,2973.21
2026-07-05,Calgary,Training,1371.76
2026-08-12,Winnipeg,Training,2783.12
2026-01-19,Toronto,Training,1287.24
2026-02-26,Halifax,Meeting,2973.68
2026-03-06,Winnipeg,Meeting,1422.86
2026-04-13,Winnipeg,Training,704.89
2026-05-20,Calgary,Conference,1903.88
2026-06-27,Toronto,Meeting,296.07
2026-07-07,Winnipeg,Workshop,2951.71
2026-08-14,Vancouver,Conference,3079.2
2026-01-21,Montreal,Training,331.05
2026-02-01,Montreal,Training,1363.63
2026-03-08,Calgary,Workshop,1951.12
2026-04-15,Montreal,Research,2144.71
2026-05-22,Quebec City,Meeting,749.12
2026-06-02,Quebec City,Training,938.09
2026-07-09,Vancouver,Meeting,1528.25
2026-08-16,Montreal,Conference,1531.52
2026-01-23,Montreal,Conference,1775.91
2026-02-03,Ottawa,Training,2994.44
2026-03-10,Montreal,Training,1258.14
2026-04-17,Vancouver,Research,2687.93
2026-05-24,,Workshop,3150.27
2026-06-04,Toronto,Workshop,-268.72
2026-07-11,Vancouver,Meeting,not_available
2026-08-18,Montreal,Workshop,598.78
2026-01-25,Ottawa,Workshop,768.74
2026-02-05,Quebec City,Training,2237.49
2026-03-12,Ottawa,Workshop,1624.68
2026-04-19,Toronto,Conference,2073.6
2026-05-26,Ottawa,Conference,130.92
2026-06-06,Vancouver,Meeting,617.67
2026-07-13,Winnipeg,Workshop,2293.46
2026-08-20,Toronto,Conference,351.75
2026-01-27,Vancouver,Workshop,230.97
2026-02-07,Quebec City,Workshop,1821.78
2026-03-14,Halifax,Training,248.83
2026-04-21,Quebec City,Conference,2888.69
2026-05-01,Calgary,Training,2174.15
2026-06-08,Quebec City,Workshop,2843.13
2026-07-15,Halifax,Workshop,2428.39
2026-08-22,Calgary,Training,3126.71
2026-01-02,Vancouver,Research,196.34
2026-02-09,Quebec City,Research,2590.88
2026-03-16,Calgary,Meeting,610.33
2026-04-23,,Research,2806.27
2026-05-03,Winnipeg,Training,734.68
2026-06-10,Winnipeg,Meeting,1059.99
2026-07-17,Calgary,Training,192.89
2026-08-24,Calgary,Research,1131.05
2026-01-04,Montreal,Meeting,1201.53
2026-02-11,Halifax,Workshop,1139.94
2026-03-18,Toronto,Conference,2821.28
2026-04-25,Ottawa,Training,1908.22
2026-05-05,Ottawa,Conference,-179.48
2026-06-12,Quebec City,Research,1987.12
2026-07-19,Montreal,Research,2890.47
2026-08-26,Calgary,Meeting,256.71
2026-01-06,Halifax,Conference,1721.35
2026-02-13,Calgary,Meeting,1448.4
2026-03-20,Quebec City,Workshop,1086.86
2026-04-27,Montreal,Meeting,1681.94
2026-05-07,Halifax,Meeting,1359.39
2026-06-14,Ottawa,Workshop,512.05
2026-07-21,Halifax,Research,2206.14
2026-08-01,Vancouver,Workshop,1872.84
2026-01-08,Halifax,Workshop,2687.87
2026-02-15,Ottawa,Meeting,767.36
2026-03-22,,Research,1480.7
2026-04-02,Calgary,Workshop,1577.41
2026-05-09,Vancouver,Conference,994.06
2026-06-16,Quebec City,Conference,not_available
2026-07-23,Calgary,Meeting,811.89
2026-08-03,Calgary,Training,195.23
2026-01-10,Calgary,Research,2002.72
2026-02-17,Montreal,Research,1396.48
2026-03-24,Calgary,Research,1642.68
2026-04-04,Calgary,Training,2140.66
2026-05-11,Toronto,Conference,2517.53
2026-06-18,Calgary,Training,2596.66
2026-07-25,Winnipeg,Conference,1836.81
2026-08-05,Montreal,Research,530.68
2026-01-12,Winnipeg,Workshop,3162.71
2026-02-19,Quebec City,Research,2006.97
2026-03-26,Halifax,Workshop,1493.41
2026-04-06,Vancouver,Research,-303.19
2026-05-13,Ottawa,Workshop,1612.56
2026-06-20,Calgary,Meeting,1474.81
2026-07-27,Ottawa,Training,956.88
2026-08-07,Quebec City,Workshop,368.18
